{"cameraMode":{"drawMode":0,"name":"Shaded","section":"Shading Mode"},"sceneLighting":false,"audioPlay":false,"sceneViewState":{"m_AlwaysRefresh":false,"showFog":true,"showSkybox":false,"showFlares":true,"showImageEffects":true,"showParticleSystems":true,"showVisualEffectGraphs":true,"m_FxEnabled":true},"in2DMode":false,"pivot":{"x":0.18893536925315858,"y":0.8790609836578369,"z":-0.8943232893943787},"rotation":{"x":-0.000733806868083775,"y":0.9970292448997498,"z":-0.07642189413309097,"w":-0.009573549963533879},"size":1.8439568281173707,"orthographic":false}