{"cameraMode":{"drawMode":0,"name":"Shaded","section":"Shading Mode"},"sceneLighting":false,"audioPlay":false,"sceneViewState":{"m_AlwaysRefresh":false,"showFog":false,"showSkybox":false,"showFlares":false,"showImageEffects":false,"showParticleSystems":false,"showVisualEffectGraphs":true,"m_FxEnabled":true},"in2DMode":false,"pivot":{"x":-0.23946401476860047,"y":3.0139713287353517,"z":-4.91257905960083},"rotation":{"x":0.00000443856515630614,"y":-0.9997390508651733,"z":-0.023996323347091676,"w":0.0006849337951280177},"size":4.271926403045654,"orthographic":false}